{"farPlane": 1516.31, "nearPlane": 0.155445, "upVector": [0.0, 0.0, 1.0], "targetPosition": [0, 4.88643, -71.7357],"eyePosition": [-177.261, 631.028, -72.6342]}
